Product URL,Product Name,Product Price,Rating,Number of Reviews
https://www.amazon.in/s?k=bags&crid=2M096C61O4MLT&qid=1653308124&sprefix=ba%2Caps%2C283&ref=sr_pg_1Best sellerin Laptop Backpacks ,TRUE HUMAN EMPEROR® Anti-Theft backpack With USB charging Port Laptop bag/Office bag/college bag/travel bag with anti -theft back pocket (LEGEND),"1,799",3.7 out of 5 stars,"2,764"
https://www.amazon.in/s?k=bags&crid=2M096C61O4MLT&qid=1653308124&sprefix=ba%2Caps%2C283&ref=sr_pg_1Best sellerin Laptop Backpacks ,TRUE HUMAN EMPEROR® Anti-Theft backpack With USB charging Port Laptop bag/Office bag/college bag/travel bag with anti -theft back pocket (LEGEND),"1,799",3.7 out of 5 stars,"2,764"
https://www.amazon.in/s?k=bags&crid=2M096C61O4MLT&qid=1653308124&sprefix=ba%2Caps%2C283&ref=sr_pg_1Best sellerin Laptop Backpacks ,TRUE HUMAN EMPEROR® Anti-Theft backpack With USB charging Port Laptop bag/Office bag/college bag/travel bag with anti -theft back pocket (LEGEND),"1,799",3.7 out of 5 stars,"2,764"
https://www.amazon.in/s?k=bags&crid=2M096C61O4MLT&qid=1653308124&sprefix=ba%2Caps%2C283&ref=sr_pg_1Best sellerin Laptop Backpacks ,TRUE HUMAN EMPEROR® Anti-Theft backpack With USB charging Port Laptop bag/Office bag/college bag/travel bag with anti -theft back pocket (LEGEND),"1,799",3.7 out of 5 stars,"2,764"
https://www.amazon.in/s?k=bags&crid=2M096C61O4MLT&qid=1653308124&sprefix=ba%2Caps%2C283&ref=sr_pg_1Best sellerin Laptop Backpacks ,TRUE HUMAN EMPEROR® Anti-Theft backpack With USB charging Port Laptop bag/Office bag/college bag/travel bag with anti -theft back pocket (LEGEND),"1,799",3.7 out of 5 stars,"2,764"
https://www.amazon.in/s?k=bags&crid=2M096C61O4MLT&qid=1653308124&sprefix=ba%2Caps%2C283&ref=sr_pg_1Best sellerin Laptop Backpacks ,TRUE HUMAN EMPEROR® Anti-Theft backpack With USB charging Port Laptop bag/Office bag/college bag/travel bag with anti -theft back pocket (LEGEND),"1,799",3.7 out of 5 stars,"2,764"
https://www.amazon.in/s?k=bags&crid=2M096C61O4MLT&qid=1653308124&sprefix=ba%2Caps%2C283&ref=sr_pg_1Best sellerin Laptop Backpacks ,TRUE HUMAN EMPEROR® Anti-Theft backpack With USB charging Port Laptop bag/Office bag/college bag/travel bag with anti -theft back pocket (LEGEND),"1,799",3.7 out of 5 stars,"2,764"
https://www.amazon.in/s?k=bags&crid=2M096C61O4MLT&qid=1653308124&sprefix=ba%2Caps%2C283&ref=sr_pg_1Best sellerin Laptop Backpacks ,TRUE HUMAN EMPEROR® Anti-Theft backpack With USB charging Port Laptop bag/Office bag/college bag/travel bag with anti -theft back pocket (LEGEND),"1,799",3.7 out of 5 stars,"2,764"
https://www.amazon.in/s?k=bags&crid=2M096C61O4MLT&qid=1653308124&sprefix=ba%2Caps%2C283&ref=sr_pg_1Best sellerin Laptop Backpacks ,TRUE HUMAN EMPEROR® Anti-Theft backpack With USB charging Port Laptop bag/Office bag/college bag/travel bag with anti -theft back pocket (LEGEND),"1,799",3.7 out of 5 stars,"2,764"
https://www.amazon.in/s?k=bags&crid=2M096C61O4MLT&qid=1653308124&sprefix=ba%2Caps%2C283&ref=sr_pg_1Best sellerin Laptop Backpacks ,TRUE HUMAN EMPEROR® Anti-Theft backpack With USB charging Port Laptop bag/Office bag/college bag/travel bag with anti -theft back pocket (LEGEND),"1,799",3.7 out of 5 stars,"2,764"
https://www.amazon.in/s?k=bags&crid=2M096C61O4MLT&qid=1653308124&sprefix=ba%2Caps%2C283&ref=sr_pg_1Best sellerin Laptop Backpacks ,TRUE HUMAN EMPEROR® Anti-Theft backpack With USB charging Port Laptop bag/Office bag/college bag/travel bag with anti -theft back pocket (LEGEND),"1,799",3.7 out of 5 stars,"2,764"
https://www.amazon.in/s?k=bags&crid=2M096C61O4MLT&qid=1653308124&sprefix=ba%2Caps%2C283&ref=sr_pg_1Best sellerin Laptop Backpacks ,TRUE HUMAN EMPEROR® Anti-Theft backpack With USB charging Port Laptop bag/Office bag/college bag/travel bag with anti -theft back pocket (LEGEND),"1,799",3.7 out of 5 stars,"2,764"
https://www.amazon.in/s?k=bags&crid=2M096C61O4MLT&qid=1653308124&sprefix=ba%2Caps%2C283&ref=sr_pg_1Best sellerin Laptop Backpacks ,TRUE HUMAN EMPEROR® Anti-Theft backpack With USB charging Port Laptop bag/Office bag/college bag/travel bag with anti -theft back pocket (LEGEND),"1,799",3.7 out of 5 stars,"2,764"
https://www.amazon.in/s?k=bags&crid=2M096C61O4MLT&qid=1653308124&sprefix=ba%2Caps%2C283&ref=sr_pg_1Best sellerin Laptop Backpacks ,TRUE HUMAN EMPEROR® Anti-Theft backpack With USB charging Port Laptop bag/Office bag/college bag/travel bag with anti -theft back pocket (LEGEND),"1,799",3.7 out of 5 stars,"2,764"
https://www.amazon.in/s?k=bags&crid=2M096C61O4MLT&qid=1653308124&sprefix=ba%2Caps%2C283&ref=sr_pg_1Best sellerin Laptop Backpacks ,TRUE HUMAN EMPEROR® Anti-Theft backpack With USB charging Port Laptop bag/Office bag/college bag/travel bag with anti -theft back pocket (LEGEND),"1,799",3.7 out of 5 stars,"2,764"
https://www.amazon.in/s?k=bags&crid=2M096C61O4MLT&qid=1653308124&sprefix=ba%2Caps%2C283&ref=sr_pg_1Best sellerin Laptop Backpacks ,TRUE HUMAN EMPEROR® Anti-Theft backpack With USB charging Port Laptop bag/Office bag/college bag/travel bag with anti -theft back pocket (LEGEND),"1,799",3.7 out of 5 stars,"2,764"
https://www.amazon.in/s?k=bags&crid=2M096C61O4MLT&qid=1653308124&sprefix=ba%2Caps%2C283&ref=sr_pg_1Best sellerin Laptop Backpacks ,TRUE HUMAN EMPEROR® Anti-Theft backpack With USB charging Port Laptop bag/Office bag/college bag/travel bag with anti -theft back pocket (LEGEND),"1,799",3.7 out of 5 stars,"2,764"
https://www.amazon.in/s?k=bags&crid=2M096C61O4MLT&qid=1653308124&sprefix=ba%2Caps%2C283&ref=sr_pg_1Best sellerin Laptop Backpacks ,TRUE HUMAN EMPEROR® Anti-Theft backpack With USB charging Port Laptop bag/Office bag/college bag/travel bag with anti -theft back pocket (LEGEND),"1,799",3.7 out of 5 stars,"2,764"
https://www.amazon.in/s?k=bags&crid=2M096C61O4MLT&qid=1653308124&sprefix=ba%2Caps%2C283&ref=sr_pg_1Best sellerin Laptop Backpacks ,TRUE HUMAN EMPEROR® Anti-Theft backpack With USB charging Port Laptop bag/Office bag/college bag/travel bag with anti -theft back pocket (LEGEND),"1,799",3.7 out of 5 stars,"2,764"
https://www.amazon.in/s?k=bags&crid=2M096C61O4MLT&qid=1653308124&sprefix=ba%2Caps%2C283&ref=sr_pg_1Best sellerin Laptop Backpacks ,TRUE HUMAN EMPEROR® Anti-Theft backpack With USB charging Port Laptop bag/Office bag/college bag/travel bag with anti -theft back pocket (LEGEND),"1,799",3.7 out of 5 stars,"2,764"
https://www.amazon.in/s?k=bags&crid=2M096C61O4MLT&qid=1653308124&sprefix=ba%2Caps%2C283&ref=sr_pg_1Best sellerin Laptop Backpacks ,TRUE HUMAN EMPEROR® Anti-Theft backpack With USB charging Port Laptop bag/Office bag/college bag/travel bag with anti -theft back pocket (LEGEND),"1,799",3.7 out of 5 stars,"2,764"
https://www.amazon.in/s?k=bags&crid=2M096C61O4MLT&qid=1653308124&sprefix=ba%2Caps%2C283&ref=sr_pg_1Best sellerin Laptop Backpacks ,TRUE HUMAN EMPEROR® Anti-Theft backpack With USB charging Port Laptop bag/Office bag/college bag/travel bag with anti -theft back pocket (LEGEND),"1,799",3.7 out of 5 stars,"2,764"
https://www.amazon.in/s?k=bags&crid=2M096C61O4MLT&qid=1653308124&sprefix=ba%2Caps%2C283&ref=sr_pg_1Best sellerin Laptop Backpacks ,TRUE HUMAN EMPEROR® Anti-Theft backpack With USB charging Port Laptop bag/Office bag/college bag/travel bag with anti -theft back pocket (LEGEND),"1,799",3.7 out of 5 stars,"2,764"
https://www.amazon.in/s?k=bags&crid=2M096C61O4MLT&qid=1653308124&sprefix=ba%2Caps%2C283&ref=sr_pg_1Best sellerin Laptop Backpacks ,TRUE HUMAN EMPEROR® Anti-Theft backpack With USB charging Port Laptop bag/Office bag/college bag/travel bag with anti -theft back pocket (LEGEND),"1,799",3.7 out of 5 stars,"2,764"
https://www.amazon.in/s?k=bags&crid=2M096C61O4MLT&qid=1653308124&sprefix=ba%2Caps%2C283&ref=sr_pg_1Best sellerin Laptop Backpacks ,TRUE HUMAN EMPEROR® Anti-Theft backpack With USB charging Port Laptop bag/Office bag/college bag/travel bag with anti -theft back pocket (LEGEND),"1,799",3.7 out of 5 stars,"2,764"
https://www.amazon.in/s?k=bags&crid=2M096C61O4MLT&qid=1653308124&sprefix=ba%2Caps%2C283&ref=sr_pg_1Best sellerin Laptop Backpacks ,TRUE HUMAN EMPEROR® Anti-Theft backpack With USB charging Port Laptop bag/Office bag/college bag/travel bag with anti -theft back pocket (LEGEND),"1,799",3.7 out of 5 stars,"2,764"
https://www.amazon.in/s?k=bags&crid=2M096C61O4MLT&qid=1653308124&sprefix=ba%2Caps%2C283&ref=sr_pg_1Best sellerin Laptop Backpacks ,TRUE HUMAN EMPEROR® Anti-Theft backpack With USB charging Port Laptop bag/Office bag/college bag/travel bag with anti -theft back pocket (LEGEND),"1,799",3.7 out of 5 stars,"2,764"
https://www.amazon.in/s?k=bags&crid=2M096C61O4MLT&qid=1653308124&sprefix=ba%2Caps%2C283&ref=sr_pg_1Best sellerin Laptop Backpacks ,TRUE HUMAN EMPEROR® Anti-Theft backpack With USB charging Port Laptop bag/Office bag/college bag/travel bag with anti -theft back pocket (LEGEND),"1,799",3.7 out of 5 stars,"2,764"
"https://www.amazon.in/s?k=bags&crid=2M096C61O4MLT&qid=1653308124&sprefix=ba%2Caps%2C283&ref=sr_pg_15,206 ","HAMMONDS FLYCATCHER Genuine Leather Laptop Bag for Men - Office Bag, Brown Color - Fits Up to 14/15.6/16 Inch Laptop/MacBook - Laptop Messenger Bags/Leather Bag for Men with Adjustable Shoulder Strap","1,799",4.3 out of 5 stars,"5,206"
"https://www.amazon.in/s?k=bags&crid=2M096C61O4MLT&qid=1653308124&sprefix=ba%2Caps%2C283&ref=sr_pg_15,206 ","HAMMONDS FLYCATCHER Genuine Leather Laptop Bag for Men - Office Bag, Brown Color - Fits Up to 14/15.6/16 Inch Laptop/MacBook - Laptop Messenger Bags/Leather Bag for Men with Adjustable Shoulder Strap","1,799",4.3 out of 5 stars,"5,206"
"https://www.amazon.in/s?k=bags&crid=2M096C61O4MLT&qid=1653308124&sprefix=ba%2Caps%2C283&ref=sr_pg_15,206 ","HAMMONDS FLYCATCHER Genuine Leather Laptop Bag for Men - Office Bag, Brown Color - Fits Up to 14/15.6/16 Inch Laptop/MacBook - Laptop Messenger Bags/Leather Bag for Men with Adjustable Shoulder Strap","1,799",4.3 out of 5 stars,"5,206"
"https://www.amazon.in/s?k=bags&crid=2M096C61O4MLT&qid=1653308124&sprefix=ba%2Caps%2C283&ref=sr_pg_15,206 ","HAMMONDS FLYCATCHER Genuine Leather Laptop Bag for Men - Office Bag, Brown Color - Fits Up to 14/15.6/16 Inch Laptop/MacBook - Laptop Messenger Bags/Leather Bag for Men with Adjustable Shoulder Strap","1,799",4.3 out of 5 stars,"5,206"
"https://www.amazon.in/s?k=bags&crid=2M096C61O4MLT&qid=1653308124&sprefix=ba%2Caps%2C283&ref=sr_pg_15,206 ","HAMMONDS FLYCATCHER Genuine Leather Laptop Bag for Men - Office Bag, Brown Color - Fits Up to 14/15.6/16 Inch Laptop/MacBook - Laptop Messenger Bags/Leather Bag for Men with Adjustable Shoulder Strap","1,799",4.3 out of 5 stars,"5,206"
"https://www.amazon.in/s?k=bags&crid=2M096C61O4MLT&qid=1653308124&sprefix=ba%2Caps%2C283&ref=sr_pg_15,206 ","HAMMONDS FLYCATCHER Genuine Leather Laptop Bag for Men - Office Bag, Brown Color - Fits Up to 14/15.6/16 Inch Laptop/MacBook - Laptop Messenger Bags/Leather Bag for Men with Adjustable Shoulder Strap","1,799",4.3 out of 5 stars,"5,206"
"https://www.amazon.in/s?k=bags&crid=2M096C61O4MLT&qid=1653308124&sprefix=ba%2Caps%2C283&ref=sr_pg_15,206 ","HAMMONDS FLYCATCHER Genuine Leather Laptop Bag for Men - Office Bag, Brown Color - Fits Up to 14/15.6/16 Inch Laptop/MacBook - Laptop Messenger Bags/Leather Bag for Men with Adjustable Shoulder Strap","1,799",4.3 out of 5 stars,"5,206"
"https://www.amazon.in/s?k=bags&crid=2M096C61O4MLT&qid=1653308124&sprefix=ba%2Caps%2C283&ref=sr_pg_15,206 ","HAMMONDS FLYCATCHER Genuine Leather Laptop Bag for Men - Office Bag, Brown Color - Fits Up to 14/15.6/16 Inch Laptop/MacBook - Laptop Messenger Bags/Leather Bag for Men with Adjustable Shoulder Strap","1,799",4.3 out of 5 stars,"5,206"
"https://www.amazon.in/s?k=bags&crid=2M096C61O4MLT&qid=1653308124&sprefix=ba%2Caps%2C283&ref=sr_pg_15,206 ","HAMMONDS FLYCATCHER Genuine Leather Laptop Bag for Men - Office Bag, Brown Color - Fits Up to 14/15.6/16 Inch Laptop/MacBook - Laptop Messenger Bags/Leather Bag for Men with Adjustable Shoulder Strap","1,799",4.3 out of 5 stars,"5,206"
"https://www.amazon.in/s?k=bags&crid=2M096C61O4MLT&qid=1653308124&sprefix=ba%2Caps%2C283&ref=sr_pg_15,206 ","HAMMONDS FLYCATCHER Genuine Leather Laptop Bag for Men - Office Bag, Brown Color - Fits Up to 14/15.6/16 Inch Laptop/MacBook - Laptop Messenger Bags/Leather Bag for Men with Adjustable Shoulder Strap","1,799",4.3 out of 5 stars,"5,206"
"https://www.amazon.in/s?k=bags&crid=2M096C61O4MLT&qid=1653308124&sprefix=ba%2Caps%2C283&ref=sr_pg_15,206 ","HAMMONDS FLYCATCHER Genuine Leather Laptop Bag for Men - Office Bag, Brown Color - Fits Up to 14/15.6/16 Inch Laptop/MacBook - Laptop Messenger Bags/Leather Bag for Men with Adjustable Shoulder Strap","1,799",4.3 out of 5 stars,"5,206"
"https://www.amazon.in/s?k=bags&crid=2M096C61O4MLT&qid=1653308124&sprefix=ba%2Caps%2C283&ref=sr_pg_15,206 ","HAMMONDS FLYCATCHER Genuine Leather Laptop Bag for Men - Office Bag, Brown Color - Fits Up to 14/15.6/16 Inch Laptop/MacBook - Laptop Messenger Bags/Leather Bag for Men with Adjustable Shoulder Strap","1,799",4.3 out of 5 stars,"5,206"
"https://www.amazon.in/s?k=bags&crid=2M096C61O4MLT&qid=1653308124&sprefix=ba%2Caps%2C283&ref=sr_pg_15,206 ","HAMMONDS FLYCATCHER Genuine Leather Laptop Bag for Men - Office Bag, Brown Color - Fits Up to 14/15.6/16 Inch Laptop/MacBook - Laptop Messenger Bags/Leather Bag for Men with Adjustable Shoulder Strap","1,799",4.3 out of 5 stars,"5,206"
"https://www.amazon.in/s?k=bags&crid=2M096C61O4MLT&qid=1653308124&sprefix=ba%2Caps%2C283&ref=sr_pg_15,206 ","HAMMONDS FLYCATCHER Genuine Leather Laptop Bag for Men - Office Bag, Brown Color - Fits Up to 14/15.6/16 Inch Laptop/MacBook - Laptop Messenger Bags/Leather Bag for Men with Adjustable Shoulder Strap","1,799",4.3 out of 5 stars,"5,206"
"https://www.amazon.in/s?k=bags&crid=2M096C61O4MLT&qid=1653308124&sprefix=ba%2Caps%2C283&ref=sr_pg_15,206 ","HAMMONDS FLYCATCHER Genuine Leather Laptop Bag for Men - Office Bag, Brown Color - Fits Up to 14/15.6/16 Inch Laptop/MacBook - Laptop Messenger Bags/Leather Bag for Men with Adjustable Shoulder Strap","1,799",4.3 out of 5 stars,"5,206"
"https://www.amazon.in/s?k=bags&crid=2M096C61O4MLT&qid=1653308124&sprefix=ba%2Caps%2C283&ref=sr_pg_15,206 ","HAMMONDS FLYCATCHER Genuine Leather Laptop Bag for Men - Office Bag, Brown Color - Fits Up to 14/15.6/16 Inch Laptop/MacBook - Laptop Messenger Bags/Leather Bag for Men with Adjustable Shoulder Strap","1,799",4.3 out of 5 stars,"5,206"
"https://www.amazon.in/s?k=bags&crid=2M096C61O4MLT&qid=1653308124&sprefix=ba%2Caps%2C283&ref=sr_pg_15,206 ","HAMMONDS FLYCATCHER Genuine Leather Laptop Bag for Men - Office Bag, Brown Color - Fits Up to 14/15.6/16 Inch Laptop/MacBook - Laptop Messenger Bags/Leather Bag for Men with Adjustable Shoulder Strap","1,799",4.3 out of 5 stars,"5,206"
"https://www.amazon.in/s?k=bags&crid=2M096C61O4MLT&qid=1653308124&sprefix=ba%2Caps%2C283&ref=sr_pg_15,206 ","HAMMONDS FLYCATCHER Genuine Leather Laptop Bag for Men - Office Bag, Brown Color - Fits Up to 14/15.6/16 Inch Laptop/MacBook - Laptop Messenger Bags/Leather Bag for Men with Adjustable Shoulder Strap","1,799",4.3 out of 5 stars,"5,206"
"https://www.amazon.in/s?k=bags&crid=2M096C61O4MLT&qid=1653308124&sprefix=ba%2Caps%2C283&ref=sr_pg_15,206 ","HAMMONDS FLYCATCHER Genuine Leather Laptop Bag for Men - Office Bag, Brown Color - Fits Up to 14/15.6/16 Inch Laptop/MacBook - Laptop Messenger Bags/Leather Bag for Men with Adjustable Shoulder Strap","1,799",4.3 out of 5 stars,"5,206"
"https://www.amazon.in/s?k=bags&crid=2M096C61O4MLT&qid=1653308124&sprefix=ba%2Caps%2C283&ref=sr_pg_15,206 ","HAMMONDS FLYCATCHER Genuine Leather Laptop Bag for Men - Office Bag, Brown Color - Fits Up to 14/15.6/16 Inch Laptop/MacBook - Laptop Messenger Bags/Leather Bag for Men with Adjustable Shoulder Strap","1,799",4.3 out of 5 stars,"5,206"
"https://www.amazon.in/s?k=bags&crid=2M096C61O4MLT&qid=1653308124&sprefix=ba%2Caps%2C283&ref=sr_pg_15,206 ","HAMMONDS FLYCATCHER Genuine Leather Laptop Bag for Men - Office Bag, Brown Color - Fits Up to 14/15.6/16 Inch Laptop/MacBook - Laptop Messenger Bags/Leather Bag for Men with Adjustable Shoulder Strap","1,799",4.3 out of 5 stars,"5,206"
"https://www.amazon.in/s?k=bags&crid=2M096C61O4MLT&qid=1653308124&sprefix=ba%2Caps%2C283&ref=sr_pg_15,206 ","HAMMONDS FLYCATCHER Genuine Leather Laptop Bag for Men - Office Bag, Brown Color - Fits Up to 14/15.6/16 Inch Laptop/MacBook - Laptop Messenger Bags/Leather Bag for Men with Adjustable Shoulder Strap","1,799",4.3 out of 5 stars,"5,206"
"https://www.amazon.in/s?k=bags&crid=2M096C61O4MLT&qid=1653308124&sprefix=ba%2Caps%2C283&ref=sr_pg_15,206 ","HAMMONDS FLYCATCHER Genuine Leather Laptop Bag for Men - Office Bag, Brown Color - Fits Up to 14/15.6/16 Inch Laptop/MacBook - Laptop Messenger Bags/Leather Bag for Men with Adjustable Shoulder Strap","1,799",4.3 out of 5 stars,"5,206"
"https://www.amazon.in/s?k=bags&crid=2M096C61O4MLT&qid=1653308124&sprefix=ba%2Caps%2C283&ref=sr_pg_15,206 ","HAMMONDS FLYCATCHER Genuine Leather Laptop Bag for Men - Office Bag, Brown Color - Fits Up to 14/15.6/16 Inch Laptop/MacBook - Laptop Messenger Bags/Leather Bag for Men with Adjustable Shoulder Strap","1,799",4.3 out of 5 stars,"5,206"
"https://www.amazon.in/s?k=bags&crid=2M096C61O4MLT&qid=1653308124&sprefix=ba%2Caps%2C283&ref=sr_pg_15,206 ","HAMMONDS FLYCATCHER Genuine Leather Laptop Bag for Men - Office Bag, Brown Color - Fits Up to 14/15.6/16 Inch Laptop/MacBook - Laptop Messenger Bags/Leather Bag for Men with Adjustable Shoulder Strap","1,799",4.3 out of 5 stars,"5,206"
"https://www.amazon.in/s?k=bags&crid=2M096C61O4MLT&qid=1653308124&sprefix=ba%2Caps%2C283&ref=sr_pg_15,206 ","HAMMONDS FLYCATCHER Genuine Leather Laptop Bag for Men - Office Bag, Brown Color - Fits Up to 14/15.6/16 Inch Laptop/MacBook - Laptop Messenger Bags/Leather Bag for Men with Adjustable Shoulder Strap","1,799",4.3 out of 5 stars,"5,206"
"https://www.amazon.in/s?k=bags&crid=2M096C61O4MLT&qid=1653308124&sprefix=ba%2Caps%2C283&ref=sr_pg_15,206 ","HAMMONDS FLYCATCHER Genuine Leather Laptop Bag for Men - Office Bag, Brown Color - Fits Up to 14/15.6/16 Inch Laptop/MacBook - Laptop Messenger Bags/Leather Bag for Men with Adjustable Shoulder Strap","1,799",4.3 out of 5 stars,"5,206"
"https://www.amazon.in/s?k=bags&crid=2M096C61O4MLT&qid=1653308124&sprefix=ba%2Caps%2C283&ref=sr_pg_15,206 ","HAMMONDS FLYCATCHER Genuine Leather Laptop Bag for Men - Office Bag, Brown Color - Fits Up to 14/15.6/16 Inch Laptop/MacBook - Laptop Messenger Bags/Leather Bag for Men with Adjustable Shoulder Strap","1,799",4.3 out of 5 stars,"5,206"
"https://www.amazon.in/s?k=bags&crid=2M096C61O4MLT&qid=1653308124&sprefix=ba%2Caps%2C283&ref=sr_pg_15,206 ","HAMMONDS FLYCATCHER Genuine Leather Laptop Bag for Men - Office Bag, Brown Color - Fits Up to 14/15.6/16 Inch Laptop/MacBook - Laptop Messenger Bags/Leather Bag for Men with Adjustable Shoulder Strap","1,799",4.3 out of 5 stars,"5,206"
https://www.amazon.in/s?k=bags&crid=2M096C61O4MLT&qid=1653308124&sprefix=ba%2Caps%2C283&ref=sr_pg_14 ,Impulse IMP linear 45L Laptop Backpack/Office Bag/School Bag/College Bag/Business Bag/Travel Backpack Water Resistant Fits Up to 16 Inch Laptop with 1 Year Warranty,"1,799",5.0 out of 5 stars,4
https://www.amazon.in/s?k=bags&crid=2M096C61O4MLT&qid=1653308124&sprefix=ba%2Caps%2C283&ref=sr_pg_14 ,Impulse IMP linear 45L Laptop Backpack/Office Bag/School Bag/College Bag/Business Bag/Travel Backpack Water Resistant Fits Up to 16 Inch Laptop with 1 Year Warranty,"1,799",5.0 out of 5 stars,4
https://www.amazon.in/s?k=bags&crid=2M096C61O4MLT&qid=1653308124&sprefix=ba%2Caps%2C283&ref=sr_pg_14 ,Impulse IMP linear 45L Laptop Backpack/Office Bag/School Bag/College Bag/Business Bag/Travel Backpack Water Resistant Fits Up to 16 Inch Laptop with 1 Year Warranty,"1,799",5.0 out of 5 stars,4
https://www.amazon.in/s?k=bags&crid=2M096C61O4MLT&qid=1653308124&sprefix=ba%2Caps%2C283&ref=sr_pg_14 ,Impulse IMP linear 45L Laptop Backpack/Office Bag/School Bag/College Bag/Business Bag/Travel Backpack Water Resistant Fits Up to 16 Inch Laptop with 1 Year Warranty,"1,799",5.0 out of 5 stars,4
https://www.amazon.in/s?k=bags&crid=2M096C61O4MLT&qid=1653308124&sprefix=ba%2Caps%2C283&ref=sr_pg_14 ,Impulse IMP linear 45L Laptop Backpack/Office Bag/School Bag/College Bag/Business Bag/Travel Backpack Water Resistant Fits Up to 16 Inch Laptop with 1 Year Warranty,"1,799",5.0 out of 5 stars,4
https://www.amazon.in/s?k=bags&crid=2M096C61O4MLT&qid=1653308124&sprefix=ba%2Caps%2C283&ref=sr_pg_14 ,Impulse IMP linear 45L Laptop Backpack/Office Bag/School Bag/College Bag/Business Bag/Travel Backpack Water Resistant Fits Up to 16 Inch Laptop with 1 Year Warranty,"1,799",5.0 out of 5 stars,4
https://www.amazon.in/s?k=bags&crid=2M096C61O4MLT&qid=1653308124&sprefix=ba%2Caps%2C283&ref=sr_pg_14 ,Impulse IMP linear 45L Laptop Backpack/Office Bag/School Bag/College Bag/Business Bag/Travel Backpack Water Resistant Fits Up to 16 Inch Laptop with 1 Year Warranty,"1,799",5.0 out of 5 stars,4
https://www.amazon.in/s?k=bags&crid=2M096C61O4MLT&qid=1653308124&sprefix=ba%2Caps%2C283&ref=sr_pg_14 ,Impulse IMP linear 45L Laptop Backpack/Office Bag/School Bag/College Bag/Business Bag/Travel Backpack Water Resistant Fits Up to 16 Inch Laptop with 1 Year Warranty,"1,799",5.0 out of 5 stars,4
https://www.amazon.in/s?k=bags&crid=2M096C61O4MLT&qid=1653308124&sprefix=ba%2Caps%2C283&ref=sr_pg_14 ,Impulse IMP linear 45L Laptop Backpack/Office Bag/School Bag/College Bag/Business Bag/Travel Backpack Water Resistant Fits Up to 16 Inch Laptop with 1 Year Warranty,"1,799",5.0 out of 5 stars,4
https://www.amazon.in/s?k=bags&crid=2M096C61O4MLT&qid=1653308124&sprefix=ba%2Caps%2C283&ref=sr_pg_14 ,Impulse IMP linear 45L Laptop Backpack/Office Bag/School Bag/College Bag/Business Bag/Travel Backpack Water Resistant Fits Up to 16 Inch Laptop with 1 Year Warranty,"1,799",5.0 out of 5 stars,4
https://www.amazon.in/s?k=bags&crid=2M096C61O4MLT&qid=1653308124&sprefix=ba%2Caps%2C283&ref=sr_pg_14 ,Impulse IMP linear 45L Laptop Backpack/Office Bag/School Bag/College Bag/Business Bag/Travel Backpack Water Resistant Fits Up to 16 Inch Laptop with 1 Year Warranty,"1,799",5.0 out of 5 stars,4
https://www.amazon.in/s?k=bags&crid=2M096C61O4MLT&qid=1653308124&sprefix=ba%2Caps%2C283&ref=sr_pg_14 ,Impulse IMP linear 45L Laptop Backpack/Office Bag/School Bag/College Bag/Business Bag/Travel Backpack Water Resistant Fits Up to 16 Inch Laptop with 1 Year Warranty,"1,799",5.0 out of 5 stars,4
https://www.amazon.in/s?k=bags&crid=2M096C61O4MLT&qid=1653308124&sprefix=ba%2Caps%2C283&ref=sr_pg_14 ,Impulse IMP linear 45L Laptop Backpack/Office Bag/School Bag/College Bag/Business Bag/Travel Backpack Water Resistant Fits Up to 16 Inch Laptop with 1 Year Warranty,"1,799",5.0 out of 5 stars,4
https://www.amazon.in/s?k=bags&crid=2M096C61O4MLT&qid=1653308124&sprefix=ba%2Caps%2C283&ref=sr_pg_14 ,Impulse IMP linear 45L Laptop Backpack/Office Bag/School Bag/College Bag/Business Bag/Travel Backpack Water Resistant Fits Up to 16 Inch Laptop with 1 Year Warranty,"1,799",5.0 out of 5 stars,4
https://www.amazon.in/s?k=bags&crid=2M096C61O4MLT&qid=1653308124&sprefix=ba%2Caps%2C283&ref=sr_pg_14 ,Impulse IMP linear 45L Laptop Backpack/Office Bag/School Bag/College Bag/Business Bag/Travel Backpack Water Resistant Fits Up to 16 Inch Laptop with 1 Year Warranty,"1,799",5.0 out of 5 stars,4
https://www.amazon.in/s?k=bags&crid=2M096C61O4MLT&qid=1653308124&sprefix=ba%2Caps%2C283&ref=sr_pg_14 ,Impulse IMP linear 45L Laptop Backpack/Office Bag/School Bag/College Bag/Business Bag/Travel Backpack Water Resistant Fits Up to 16 Inch Laptop with 1 Year Warranty,"1,799",5.0 out of 5 stars,4
https://www.amazon.in/s?k=bags&crid=2M096C61O4MLT&qid=1653308124&sprefix=ba%2Caps%2C283&ref=sr_pg_14 ,Impulse IMP linear 45L Laptop Backpack/Office Bag/School Bag/College Bag/Business Bag/Travel Backpack Water Resistant Fits Up to 16 Inch Laptop with 1 Year Warranty,"1,799",5.0 out of 5 stars,4
https://www.amazon.in/s?k=bags&crid=2M096C61O4MLT&qid=1653308124&sprefix=ba%2Caps%2C283&ref=sr_pg_14 ,Impulse IMP linear 45L Laptop Backpack/Office Bag/School Bag/College Bag/Business Bag/Travel Backpack Water Resistant Fits Up to 16 Inch Laptop with 1 Year Warranty,"1,799",5.0 out of 5 stars,4
https://www.amazon.in/s?k=bags&crid=2M096C61O4MLT&qid=1653308124&sprefix=ba%2Caps%2C283&ref=sr_pg_14 ,Impulse IMP linear 45L Laptop Backpack/Office Bag/School Bag/College Bag/Business Bag/Travel Backpack Water Resistant Fits Up to 16 Inch Laptop with 1 Year Warranty,"1,799",5.0 out of 5 stars,4
https://www.amazon.in/s?k=bags&crid=2M096C61O4MLT&qid=1653308124&sprefix=ba%2Caps%2C283&ref=sr_pg_14 ,Impulse IMP linear 45L Laptop Backpack/Office Bag/School Bag/College Bag/Business Bag/Travel Backpack Water Resistant Fits Up to 16 Inch Laptop with 1 Year Warranty,"1,799",5.0 out of 5 stars,4
https://www.amazon.in/s?k=bags&crid=2M096C61O4MLT&qid=1653308124&sprefix=ba%2Caps%2C283&ref=sr_pg_14 ,Impulse IMP linear 45L Laptop Backpack/Office Bag/School Bag/College Bag/Business Bag/Travel Backpack Water Resistant Fits Up to 16 Inch Laptop with 1 Year Warranty,"1,799",5.0 out of 5 stars,4
https://www.amazon.in/s?k=bags&crid=2M096C61O4MLT&qid=1653308124&sprefix=ba%2Caps%2C283&ref=sr_pg_14 ,Impulse IMP linear 45L Laptop Backpack/Office Bag/School Bag/College Bag/Business Bag/Travel Backpack Water Resistant Fits Up to 16 Inch Laptop with 1 Year Warranty,"1,799",5.0 out of 5 stars,4
https://www.amazon.in/s?k=bags&crid=2M096C61O4MLT&qid=1653308124&sprefix=ba%2Caps%2C283&ref=sr_pg_14 ,Impulse IMP linear 45L Laptop Backpack/Office Bag/School Bag/College Bag/Business Bag/Travel Backpack Water Resistant Fits Up to 16 Inch Laptop with 1 Year Warranty,"1,799",5.0 out of 5 stars,4
https://www.amazon.in/s?k=bags&crid=2M096C61O4MLT&qid=1653308124&sprefix=ba%2Caps%2C283&ref=sr_pg_14 ,Impulse IMP linear 45L Laptop Backpack/Office Bag/School Bag/College Bag/Business Bag/Travel Backpack Water Resistant Fits Up to 16 Inch Laptop with 1 Year Warranty,"1,799",5.0 out of 5 stars,4
https://www.amazon.in/s?k=bags&crid=2M096C61O4MLT&qid=1653308124&sprefix=ba%2Caps%2C283&ref=sr_pg_14 ,Impulse IMP linear 45L Laptop Backpack/Office Bag/School Bag/College Bag/Business Bag/Travel Backpack Water Resistant Fits Up to 16 Inch Laptop with 1 Year Warranty,"1,799",5.0 out of 5 stars,4
https://www.amazon.in/s?k=bags&crid=2M096C61O4MLT&qid=1653308124&sprefix=ba%2Caps%2C283&ref=sr_pg_14 ,Impulse IMP linear 45L Laptop Backpack/Office Bag/School Bag/College Bag/Business Bag/Travel Backpack Water Resistant Fits Up to 16 Inch Laptop with 1 Year Warranty,"1,799",5.0 out of 5 stars,4
https://www.amazon.in/s?k=bags&crid=2M096C61O4MLT&qid=1653308124&sprefix=ba%2Caps%2C283&ref=sr_pg_14 ,Impulse IMP linear 45L Laptop Backpack/Office Bag/School Bag/College Bag/Business Bag/Travel Backpack Water Resistant Fits Up to 16 Inch Laptop with 1 Year Warranty,"1,799",5.0 out of 5 stars,4
https://www.amazon.in/s?k=bags&crid=2M096C61O4MLT&qid=1653308124&sprefix=ba%2Caps%2C283&ref=sr_pg_14 ,Impulse IMP linear 45L Laptop Backpack/Office Bag/School Bag/College Bag/Business Bag/Travel Backpack Water Resistant Fits Up to 16 Inch Laptop with 1 Year Warranty,"1,799",5.0 out of 5 stars,4
https://www.amazon.in/s?k=bags&crid=2M096C61O4MLT&qid=1653308124&sprefix=ba%2Caps%2C283&ref=sr_pg_14 ,Impulse IMP linear 45L Laptop Backpack/Office Bag/School Bag/College Bag/Business Bag/Travel Backpack Water Resistant Fits Up to 16 Inch Laptop with 1 Year Warranty,"1,799",5.0 out of 5 stars,4
https://www.amazon.in/s?k=bags&crid=2M096C61O4MLT&qid=1653308124&sprefix=ba%2Caps%2C283&ref=sr_pg_14 ,Impulse IMP linear 45L Laptop Backpack/Office Bag/School Bag/College Bag/Business Bag/Travel Backpack Water Resistant Fits Up to 16 Inch Laptop with 1 Year Warranty,"1,799",5.0 out of 5 stars,4
https://www.amazon.in/s?k=bags&crid=2M096C61O4MLT&qid=1653308124&sprefix=ba%2Caps%2C283&ref=sr_pg_14 ,Impulse IMP linear 45L Laptop Backpack/Office Bag/School Bag/College Bag/Business Bag/Travel Backpack Water Resistant Fits Up to 16 Inch Laptop with 1 Year Warranty,"1,799",5.0 out of 5 stars,4
"https://www.amazon.in/s?k=bags&crid=2M096C61O4MLT&qid=1653308124&sprefix=ba%2Caps%2C283&ref=sr_pg_11,095 ",Wildcraft 45 Ltrs Black Rucksack (8903338073840) (Extra Large Size),"1,799",4.3 out of 5 stars,"1,095"
"https://www.amazon.in/s?k=bags&crid=2M096C61O4MLT&qid=1653308124&sprefix=ba%2Caps%2C283&ref=sr_pg_11,095 ",Wildcraft 45 Ltrs Black Rucksack (8903338073840) (Extra Large Size),"1,799",4.3 out of 5 stars,"1,095"
"https://www.amazon.in/s?k=bags&crid=2M096C61O4MLT&qid=1653308124&sprefix=ba%2Caps%2C283&ref=sr_pg_11,095 ",Wildcraft 45 Ltrs Black Rucksack (8903338073840) (Extra Large Size),"1,799",4.3 out of 5 stars,"1,095"
"https://www.amazon.in/s?k=bags&crid=2M096C61O4MLT&qid=1653308124&sprefix=ba%2Caps%2C283&ref=sr_pg_11,095 ",Wildcraft 45 Ltrs Black Rucksack (8903338073840) (Extra Large Size),"1,799",4.3 out of 5 stars,"1,095"
"https://www.amazon.in/s?k=bags&crid=2M096C61O4MLT&qid=1653308124&sprefix=ba%2Caps%2C283&ref=sr_pg_11,095 ",Wildcraft 45 Ltrs Black Rucksack (8903338073840) (Extra Large Size),"1,799",4.3 out of 5 stars,"1,095"
"https://www.amazon.in/s?k=bags&crid=2M096C61O4MLT&qid=1653308124&sprefix=ba%2Caps%2C283&ref=sr_pg_11,095 ",Wildcraft 45 Ltrs Black Rucksack (8903338073840) (Extra Large Size),"1,799",4.3 out of 5 stars,"1,095"
"https://www.amazon.in/s?k=bags&crid=2M096C61O4MLT&qid=1653308124&sprefix=ba%2Caps%2C283&ref=sr_pg_11,095 ",Wildcraft 45 Ltrs Black Rucksack (8903338073840) (Extra Large Size),"1,799",4.3 out of 5 stars,"1,095"
"https://www.amazon.in/s?k=bags&crid=2M096C61O4MLT&qid=1653308124&sprefix=ba%2Caps%2C283&ref=sr_pg_11,095 ",Wildcraft 45 Ltrs Black Rucksack (8903338073840) (Extra Large Size),"1,799",4.3 out of 5 stars,"1,095"
"https://www.amazon.in/s?k=bags&crid=2M096C61O4MLT&qid=1653308124&sprefix=ba%2Caps%2C283&ref=sr_pg_11,095 ",Wildcraft 45 Ltrs Black Rucksack (8903338073840) (Extra Large Size),"1,799",4.3 out of 5 stars,"1,095"
"https://www.amazon.in/s?k=bags&crid=2M096C61O4MLT&qid=1653308124&sprefix=ba%2Caps%2C283&ref=sr_pg_11,095 ",Wildcraft 45 Ltrs Black Rucksack (8903338073840) (Extra Large Size),"1,799",4.3 out of 5 stars,"1,095"
"https://www.amazon.in/s?k=bags&crid=2M096C61O4MLT&qid=1653308124&sprefix=ba%2Caps%2C283&ref=sr_pg_11,095 ",Wildcraft 45 Ltrs Black Rucksack (8903338073840) (Extra Large Size),"1,799",4.3 out of 5 stars,"1,095"
"https://www.amazon.in/s?k=bags&crid=2M096C61O4MLT&qid=1653308124&sprefix=ba%2Caps%2C283&ref=sr_pg_11,095 ",Wildcraft 45 Ltrs Black Rucksack (8903338073840) (Extra Large Size),"1,799",4.3 out of 5 stars,"1,095"
"https://www.amazon.in/s?k=bags&crid=2M096C61O4MLT&qid=1653308124&sprefix=ba%2Caps%2C283&ref=sr_pg_11,095 ",Wildcraft 45 Ltrs Black Rucksack (8903338073840) (Extra Large Size),"1,799",4.3 out of 5 stars,"1,095"
"https://www.amazon.in/s?k=bags&crid=2M096C61O4MLT&qid=1653308124&sprefix=ba%2Caps%2C283&ref=sr_pg_11,095 ",Wildcraft 45 Ltrs Black Rucksack (8903338073840) (Extra Large Size),"1,799",4.3 out of 5 stars,"1,095"
"https://www.amazon.in/s?k=bags&crid=2M096C61O4MLT&qid=1653308124&sprefix=ba%2Caps%2C283&ref=sr_pg_11,095 ",Wildcraft 45 Ltrs Black Rucksack (8903338073840) (Extra Large Size),"1,799",4.3 out of 5 stars,"1,095"
"https://www.amazon.in/s?k=bags&crid=2M096C61O4MLT&qid=1653308124&sprefix=ba%2Caps%2C283&ref=sr_pg_11,095 ",Wildcraft 45 Ltrs Black Rucksack (8903338073840) (Extra Large Size),"1,799",4.3 out of 5 stars,"1,095"
"https://www.amazon.in/s?k=bags&crid=2M096C61O4MLT&qid=1653308124&sprefix=ba%2Caps%2C283&ref=sr_pg_11,095 ",Wildcraft 45 Ltrs Black Rucksack (8903338073840) (Extra Large Size),"1,799",4.3 out of 5 stars,"1,095"
"https://www.amazon.in/s?k=bags&crid=2M096C61O4MLT&qid=1653308124&sprefix=ba%2Caps%2C283&ref=sr_pg_11,095 ",Wildcraft 45 Ltrs Black Rucksack (8903338073840) (Extra Large Size),"1,799",4.3 out of 5 stars,"1,095"
"https://www.amazon.in/s?k=bags&crid=2M096C61O4MLT&qid=1653308124&sprefix=ba%2Caps%2C283&ref=sr_pg_11,095 ",Wildcraft 45 Ltrs Black Rucksack (8903338073840) (Extra Large Size),"1,799",4.3 out of 5 stars,"1,095"
"https://www.amazon.in/s?k=bags&crid=2M096C61O4MLT&qid=1653308124&sprefix=ba%2Caps%2C283&ref=sr_pg_11,095 ",Wildcraft 45 Ltrs Black Rucksack (8903338073840) (Extra Large Size),"1,799",4.3 out of 5 stars,"1,095"
"https://www.amazon.in/s?k=bags&crid=2M096C61O4MLT&qid=1653308124&sprefix=ba%2Caps%2C283&ref=sr_pg_11,095 ",Wildcraft 45 Ltrs Black Rucksack (8903338073840) (Extra Large Size),"1,799",4.3 out of 5 stars,"1,095"
"https://www.amazon.in/s?k=bags&crid=2M096C61O4MLT&qid=1653308124&sprefix=ba%2Caps%2C283&ref=sr_pg_11,095 ",Wildcraft 45 Ltrs Black Rucksack (8903338073840) (Extra Large Size),"1,799",4.3 out of 5 stars,"1,095"
"https://www.amazon.in/s?k=bags&crid=2M096C61O4MLT&qid=1653308124&sprefix=ba%2Caps%2C283&ref=sr_pg_11,095 ",Wildcraft 45 Ltrs Black Rucksack (8903338073840) (Extra Large Size),"1,799",4.3 out of 5 stars,"1,095"
"https://www.amazon.in/s?k=bags&crid=2M096C61O4MLT&qid=1653308124&sprefix=ba%2Caps%2C283&ref=sr_pg_11,095 ",Wildcraft 45 Ltrs Black Rucksack (8903338073840) (Extra Large Size),"1,799",4.3 out of 5 stars,"1,095"
"https://www.amazon.in/s?k=bags&crid=2M096C61O4MLT&qid=1653308124&sprefix=ba%2Caps%2C283&ref=sr_pg_11,095 ",Wildcraft 45 Ltrs Black Rucksack (8903338073840) (Extra Large Size),"1,799",4.3 out of 5 stars,"1,095"
"https://www.amazon.in/s?k=bags&crid=2M096C61O4MLT&qid=1653308124&sprefix=ba%2Caps%2C283&ref=sr_pg_11,095 ",Wildcraft 45 Ltrs Black Rucksack (8903338073840) (Extra Large Size),"1,799",4.3 out of 5 stars,"1,095"
"https://www.amazon.in/s?k=bags&crid=2M096C61O4MLT&qid=1653308124&sprefix=ba%2Caps%2C283&ref=sr_pg_11,095 ",Wildcraft 45 Ltrs Black Rucksack (8903338073840) (Extra Large Size),"1,799",4.3 out of 5 stars,"1,095"
"https://www.amazon.in/s?k=bags&crid=2M096C61O4MLT&qid=1653308124&sprefix=ba%2Caps%2C283&ref=sr_pg_11,095 ",Wildcraft 45 Ltrs Black Rucksack (8903338073840) (Extra Large Size),"1,799",4.3 out of 5 stars,"1,095"
"https://www.amazon.in/s?k=bags&crid=2M096C61O4MLT&qid=1653308124&sprefix=ba%2Caps%2C283&ref=sr_pg_11,095 ",Wildcraft 45 Ltrs Black Rucksack (8903338073840) (Extra Large Size),"1,799",4.3 out of 5 stars,"1,095"
